positionName,positionType,workLocation,salary,experienceRequirements,educationRequirements
C++基础架构软件工程师,c-c++,广州,30000-60000,3-5年,本科
高级游戏服务端开发工程师,c-c++,广州,20000-40000,3-5年,本科
嵌入式软件工程师(Linux应用),c-c++,黄埔区,15000-30000,3-5年,本科
应用软件开发工程师,c-c++,南沙区,13000-20000,3-5年,本科
C++主讲,c-c++,广州,20000-30000,3-5年,本科
游戏服务端开发工程师（工作地在福州）,c-c++,天河区,15000-30000,3-5年,本科
CAD系统开发工程师,c-c++,番禺区,15000-30000,3-5年,本科
高级工具客户端,c-c++,广州,25000-35000,3-5年,本科
视觉软件开发工程师,c-c++,南沙区,14000-23000,3-5年,本科
反编译开发工程师,c-c++,广州,15000-20000,3-5年,本科
软件标定工程师,c-c++,广州,20000-30000,3-5年,本科
中级C++开发工程师,c-c++,天河区,12000-24000,3-5年,本科
客户端性能优化工程师,c-c++,广州,12000-20000,3-5年,本科
c++开发,c-c++,白云区,14000-22000,3-5年,大专
HPC调优开发工程师+全额五险一金+双休15薪,c-c++,黄埔区,17000-30000,3-5年,本科
游戏Erlang后端开发工程师,c-c++,黄埔区,15000-30000,3-5年,本科
c++高级软件工程师,c-c++,黄埔区,18000-25000,3-5年,本科
c++高级研发工程师,c-c++,番禺区,14000-25000,3-5年,本科
C++开发工程师,c-c++,天河区,11000-22000,3-5年,本科
智能信息-播放器内核研发,c-c++,海珠区,25000-50000,3-5年,本科
资深游戏服务器开发,c-c++,天河区,20000-35000,3-5年,本科
c++服务器,c-c++,广州,30000-40000,3-5年,本科
c++开发工程师,c-c++,广州,18000-25000,3-5年,本科
windows逆向开发,c-c++,天河区,25000-30000,3-5年,大专
数据安全开发工程师,c-c++,天河区,15000-30000,3-5年,本科
c++开发工程师,c-c++,天河区,10000-15000,3-5年,大专
客户端性能优化工程师,c-c++,广州,55000-65000,3-5年,本科
c++开发工程师(大疆无人机),c-c++,天河区,15000-20000,3-5年,大专
C++软件工程师,c-c++,天河区,20000-30000,3-5年,本科
c++后端开发工程师,c-c++,荔湾区,12000-18000,3-5年,大专
C++软件开发工程师,c-c++,黄埔区,15000-18000,3-5年,本科
C++开发工程师,c-c++,天河区,15000-25000,3-5年,本科
c++高级研发工程师,c-c++,番禺区,5000-10000,3-5年,本科
C++图形软件工程师,c-c++,黄埔区,18000-25000,3-5年,本科
嵌入式软件开发工程师,c-c++,黄埔区,15000-20000,3-5年,本科
高级逆向工程师,c-c++,天河区,15000-30000,3-5年,大专
高级C++开发（OCC开发）,c-c++,天河区,20000-28000,3-5年,本科
ros机器人工程师,c-c++,天河区,13000-16000,3-5年,本科
高级软件工程师,c-c++,广州,18000-35000,3-5年,大专
自动驾驶C++软件工程师,c-c++,广州,45000-75000,3-5年,本科
高级C++服务端开发工程师,c-c++,天河区,16000-20000,3-5年,本科
c++游戏服务器开发工程师,c-c++,天河区,15000-18000,3-5年,大专
软件工程师,c-c++,番禺区,12000-18000,3-5年,大专
软件工程师,c-c++,广州,15000-30000,3-5年,本科
EMS软件工程师,c-c++,番禺区,15000-25000,3-5年,本科
C工程师（广州）,c-c++,黄埔区,16000-30000,3-5年,大专
Rust 开发工程师,c-c++,海珠区,20000-30000,3-5年,本科
高级后端开发工程师,c-c++,海珠区,15000-30000,3-5年,本科
软件工程师,c-c++,黄埔区,12000-20000,3-5年,本科
云存储研发工程师,c-c++,番禺区,10000-11000,3-5年,本科
整车厂电驱动系统-软件&算法开发,c-c++,广州,18000-25000,3-5年,本科
游戏服务端,c-c++,天河区,15000-20000,3-5年,大专
C/C++,c-c++,番禺区,30000-35000,3-5年,本科
c++开发工程师,c-c++,广州,14000-18000,3-5年,本科
单片机工程师,c-c++,南沙区,10000-15000,3-5年,大专
测试开发工程师,c-c++,海珠区,12000-15000,3-5年,本科
c++服务器,c-c++,天河区,15000-18000,3-5年,本科
虚拟化开发工程师,c-c++,天河区,30000-50000,3-5年,本科
游戏后端开发skynet ，lua,c-c++,天河区,12000-15000,3-5年,大专
C++高级软件工程师,c-c++,番禺区,18000-28000,3-5年,本科
C++开发工程师,c-c++,黄埔区,20000-30000,3-5年,本科
c/c++开发工程师,c-c++,番禺区,7000-12000,3-5年,本科
软件工程师（图像处理、图形、自动化）,c-c++,广州,30000-40000,3-5年,本科
pc软件工程师,c-c++,番禺区,11000-20000,3-5年,大专
C++ 软件开发工程师,c-c++,黄埔区,15000-20000,3-5年,大专
游戏前后端全栈开发工程师,c-c++,天河区,15000-25000,3-5年,大专
qt开发工程师,c-c++,黄埔区,12000-20000,3-5年,大专
游戏服务端开发工程师,c-c++,天河区,18000-28000,3-5年,本科
高级服务端开发（lua+skynet）,c-c++,天河区,15000-20000,3-5年,本科
flutter引擎高级开发工程师（大厂/专场）,c-c++,广州,20000-40000,3-5年,本科
C++ 软件开发工程师,c-c++,黄埔区,12000-18000,3-5年,本科
c++老师,c-c++,黄埔区,11000-20000,3-5年,本科
C++开发工程师,c-c++,黄埔区,15000-20000,3-5年,本科
C++开发工程师,c-c++,海珠区,18000-25000,3-5年,本科
c++工程师,c-c++,广州,10000-15000,3-5年,本科
游戏服务端开发,c-c++,天河区,11000-16000,3-5年,本科
QT软件工程师,c-c++,黄埔区,8000-12000,3-5年,本科
C++服务端,c-c++,天河区,13000-18000,3-5年,大专
后台开发(搜索),c-c++,天河区,28000-40000,3-5年,本科
单片机软件工程师,c-c++,番禺区,15000-25000,3-5年,本科
软件开发工程师,c-c++,番禺区,10000-15000,3-5年,本科
软件工程师,c-c++,黄埔区,10000-15000,3-5年,大专
急招C++开发 广州,c-c++,黄埔区,13000-18000,3-5年,本科
高级系统研发工程师,c-c++,黄埔区,20000-35000,3-5年,本科
游戏服务器开发工程师,c-c++,广州,20000-40000,3-5年,本科
c++工程师,c-c++,天河区,14000-18000,3-5年,本科
Qt客户端开发工程师,c-c++,越秀区,15000-22000,3-5年,大专
游戏服务端工程师,c-c++,天河区,12000-18000,3-5年,大专
上位机开发工程师,c-c++,番禺区,15000-30000,3-5年,本科
游戏服务器,c-c++,广州,25000-50000,3-5年,本科
c++服务端开发,c-c++,黄埔区,12000-20000,3-5年,本科
游戏服务端高级工程师,c-c++,海珠区,15000-25000,3-5年,大专
C/C++开发工程师,c-c++,黄埔区,15000-30000,3-5年,本科
高级嵌入式软件开发工程师,c-c++,广州,15000-30000,3-5年,本科
linux应用工程师,c-c++,广州,20000-30000,3-5年,本科
C/C++软件开发工程师,c-c++,广州,25000-35000,3-5年,本科
游戏服务器开发（base厦门）,c-c++,黄埔区,12000-24000,3-5年,本科
单片机开发工程师,c-c++,黄埔区,10000-15000,3-5年,本科
linuxc++开发工程师,c-c++,黄埔区,10000-15000,3-5年,本科
高级服务器开发,c-c++,海珠区,20000-30000,3-5年,本科
linux高级开发工程师（广州）,c-c++,广州,25000-30000,3-5年,本科
游戏后端开发工程师,c-c++,天河区,11000-22000,3-5年,大专
软件开发主管,c-c++,增城区,10000-15000,3-5年,本科
软件开发工程师（C++）国企 金融互联网行业,c-c++,广州,20000-40000,3-5年,本科
c++开发工程师,c-c++,番禺区,15000-30000,3-5年,本科
c++开发工程师（央企直属，信创赛道）,c-c++,广州,18000-25000,3-5年,本科
音响软件工程师,c-c++,广州,20000-25000,3-5年,大专
C/C++软件开发工程师,c-c++,番禺区,10000-12000,3-5年,本科
研发工程师,c-c++,南沙区,11000-15000,3-5年,本科
C++转go,c-c++,广州,30000-40000,3-5年,本科
资深服务端开发工程师,c-c++,广州,25000-40000,3-5年,本科
C/C++,c-c++,广州,25000-45000,3-5年,本科
游戏服务端开发,c-c++,天河区,11000-16000,3-5年,本科
软件开发工程师（C++）,c-c++,广州,20000-40000,3-5年,本科
c++开发工程师,c-c++,番禺区,10000-15000,3-5年,大专
C++软件开发工程师（流媒体）:双休+社保,c-c++,广州,18000-35000,3-5年,本科
C,c-c++,增城区,8000-13000,3-5年,本科
平台软件研发工程师,c-c++,广州,20000-30000,3-5年,本科
c++,c-c++,番禺区,13000-18000,3-5年,大专
自动驾驶软件开发工程师,c-c++,南沙区,12000-20000,3-5年,本科
高级服务端开发工程师,c-c++,海珠区,24000-45000,3-5年,本科
C++    上位机软件工程师,c-c++,黄埔区,15000-30000,3-5年,本科
Linux C开发工程师-广州,c-c++,天河区,15000-25000,3-5年,本科
C++开发工程师,c-c++,越秀区,20000-30000,3-5年,本科
c++开发工程师,c-c++,天河区,25000-35000,3-5年,本科
酷狗音乐后端开发工程师（搜索）,c-c++,天河区,20000-40000,3-5年,本科
计算引擎 / 存储引擎 研发工程师,c-c++,海珠区,35000-65000,3-5年,本科
C++开发工程师,c-c++,天河区,11000-16000,3-5年,本科
高级虚拟化研发工程师,c-c++,广州,30000-60000,3-5年,本科
QT开发工程师,c-c++,黄埔区,8000-10000,3-5年,大专
C++开发工程师（客户端）,c-c++,海珠区,30000-60000,3-5年,本科
C++服务端开发工程师,c-c++,广州,25000-40000,3-5年,本科
游戏服务器c++,c-c++,广州,30000-60000,3-5年,本科
c++高级软件工程师,c-c++,广州,20000-30000,3-5年,本科
C＋＋开发工程师,c-c++,广州,12000-24000,3-5年,本科
高级虚拟化研发工程师,c-c++,广州,30000-60000,3-5年,本科
c++高级软件工程师,c-c++,天河区,10000-11000,3-5年,本科
游戏服务器开发,c-c++,天河区,15000-27000,3-5年,大专
c++开发工程师,c-c++,广州,25000-26000,3-5年,本科
游戏客户端开发工程师,c-c++,广州,25000-40000,3-5年,本科
游戏unity客户端开发工程师,c-c++,广州,30000-50000,3-5年,本科
软件C++工程师,c-c++,黄埔区,15000-30000,3-5年,本科
游戏服务器开发工程师 (MJ000171),c-c++,天河区,12000-20000,3-5年,大专
音频算法工程师,c-c++,天河区,20000-40000,3-5年,本科
软件工程师,c-c++,广州,20000-25000,3-5年,本科
嵌入式软件开发工程师,c-c++,广州,20000-30000,3-5年,本科
c++中级开发工程师(广州华星光电),c-c++,广州,15000-25000,3-5年,大专
Linux C/C++开发工程师（中高级）,c-c++,广州,25000-45000,3-5年,本科
虚拟化开发工程师,c-c++,广州,25000-30000,3-5年,本科
linux应用开发工程师,c-c++,广州,20000-30000,3-5年,本科
软件开发工程师,c-c++,南沙区,25000-40000,3-5年,本科
系统研发工程师,c-c++,海珠区,20000-40000,3-5年,本科
软件工程师,c-c++,南沙区,11000-20000,3-5年,本科
嵌入式软件工程师,c-c++,广州,18000-35000,3-5年,本科
QNX开发工程师,c-c++,广州,18000-30000,3-5年,本科
游戏服务端开发(lua+skynet）,c-c++,天河区,16000-23000,3-5年,本科
游戏服务器开发,c-c++,广州,20000-24000,3-5年,本科
汽车诊断软件开发工程师,c-c++,黄埔区,8000-13000,3-5年,本科
后端研发工程师,c-c++,越秀区,15000-30000,3-5年,本科
鲲鹏FAE,c-c++,越秀区,11000-18000,3-5年,本科
游戏服务端开发,c-c++,天河区,20000-30000,3-5年,本科
智驾仿真开发主管工程师,c-c++,广州,30000-50000,3-5年,本科
Win C 研发工程师,c-c++,海珠区,17000-30000,3-5年,大专
qt工程师,c-c++,天河区,12000-20000,3-5年,本科
C++软件工程师（机械臂运动控制方向）,c-c++,白云区,13000-23000,3-5年,本科
软件开发工程师（C++）-福利待遇好,c-c++,广州,16000-30000,3-5年,本科
QT界面开发工程师（双休全额社保福利好）,c-c++,黄埔区,20000-25000,3-5年,大专
webrtc开发工程师,c-c++,黄埔区,15000-25000,3-5年,大专
C++服务端工程师,c-c++,天河区,11000-22000,3-5年,本科
高级游戏服务端开发,c-c++,海珠区,15000-30000,3-5年,本科
游戏后台开发工程师,c-c++,海珠区,15000-30000,3-5年,本科
高级服务端开发工程师,c-c++,天河区,20000-30000,3-5年,大专
c/c++开发工程师,c-c++,天河区,20000-40000,3-5年,本科
自动驾驶C++软件工程师,c-c++,海珠区,21000-40000,3-5年,本科
游戏服务端主程,c-c++,天河区,25000-35000,3-5年,本科
中高级游戏服务端开发工程师,c-c++,天河区,11000-18000,3-5年,本科
c++服务端开发工程师,c-c++,天河区,13000-20000,3-5年,本科
lua游戏开发工程师,c-c++,天河区,15000-25000,3-5年,本科
软件工程师,c-c++,海珠区,15000-18000,3-5年,本科
kanzi开发工程师(JBG7P),c-c++,番禺区,12000-20000,3-5年,本科
c++开发工程师,c-c++,番禺区,12000-24000,3-5年,本科
服务器,c-c++,广州,25000-40000,3-5年,本科
pc客户端开发工程师,c-c++,南沙区,10000-15000,3-5年,本科
游戏开发程序员 （服务端）,c-c++,天河区,15000-30000,3-5年,本科
自动驾驶软件开发Linux/C++方向,c-c++,天河区,25000-40000,3-5年,本科
c++软件开发工程师,c-c++,黄埔区,12000-20000,3-5年,本科
游戏服务器开发,c-c++,广州,20000-40000,3-5年,本科
LinuxC/C++研发工程师（中级）,c-c++,天河区,13000-20000,3-5年,本科
嵌入式软件-域控-SOA,c-c++,花都区,14000-28000,3-5年,本科
游戏服务器开发（双休）,c-c++,黄埔区,13000-25000,3-5年,本科
c++软件工程师,c-c++,天河区,18000-30000,3-5年,本科
马达仿真工程师（摄像头，镜头、音圈马达）,c-c++,广州,20000-30000,3-5年,大专
分布式kv存储工程师,c-c++,广州,40000-60000,3-5年,本科
中级软件工程师（SP方向）,c-c++,黄埔区,13000-18000,3-5年,本科
C++开发工程师（音视频）-广州(J10169),c-c++,天河区,15000-30000,3-5年,本科
蚂蚁集团-中间件 - 持续性能剖析产品研发,c-c++,海珠区,30000-60000,3-5年,本科
游戏服务端开发,c-c++,天河区,15000-25000,3-5年,大专
游戏服务端开发,c-c++,天河区,10000-15000,3-5年,大专
游戏服务器,c-c++,广州,30000-50000,3-5年,本科
C++,c-c++,广州,10000-15000,3-5年,本科
自动化脚本开发,c-c++,越秀区,15000-20000,3-5年,大专
C＋＋开发工程师,c-c++,天河区,13000-18000,3-5年,本科
高级/资深服务端开发工程师,c-c++,天河区,25000-35000,3-5年,本科
虚拟化开发工程师（KVM）,c-c++,天河区,18000-35000,3-5年,本科
linux应用开发工程师,c-c++,黄埔区,15000-30000,3-5年,本科
C++高级工程师,c-c++,番禺区,11000-12000,3-5年,本科
C++开发工程师,c-c++,黄埔区,13000-18000,3-5年,本科
高级~资深桌面研发工程师（职级可谈）,c-c++,天河区,20000-40000,3-5年,本科
高级c++开发工程师,c-c++,番禺区,15000-22000,3-5年,本科
CAD开发工程师,c-c++,黄埔区,15000-25000,3-5年,本科
鸣潮-游戏服务端开发（关卡方向）,c-c++,海珠区,20000-40000,3-5年,本科
高级c++开发工程师,c-c++,天河区,25000-35000,3-5年,本科
急聘 C++游戏服务端开发,c-c++,天河区,12000-20000,3-5年,大专
C/C++开发工程师,c-c++,海珠区,20000-40000,3-5年,本科
地图引擎开发工程师（A141549）,c-c++,黄埔区,20000-40000,3-5年,本科
游戏客户端开发（c++）,c-c++,天河区,30000-45000,3-5年,本科
游戏客户端主程,c-c++,天河区,23000-26000,3-5年,本科
c++后端开发（音视频）,c-c++,天河区,15000-25000,3-5年,本科
弱网对抗工程师（体验优化方向）,c-c++,广州,25000-40000,3-5年,本科
C++（图像经验）,c-c++,广州,18000-25000,3-5年,本科
C/C++,c-c++,天河区,15000-30000,3-5年,本科
C++开发工程师（人体动捕方向）,c-c++,天河区,15000-25000,3-5年,本科
机器人视觉软件开发工程师,c-c++,广州,20000-35000,3-5年,本科
上位机工程师,c-c++,黄埔区,11000-18000,3-5年,本科
嵌入式软件-域控-场景引擎,c-c++,花都区,25000-35000,3-5年,本科
游戏服务端（厦门办公）,c-c++,白云区,13000-20000,3-5年,本科
c++高级软件工程师,c-c++,南沙区,15000-25000,3-5年,本科
微信视频号推荐后台开发工程师(广州),c-c++,天河区,40000-70000,3-5年,本科
C++(外企汇丰),c-c++,天河区,15000-22000,3-5年,本科
广州C++开发工程师,c-c++,黄埔区,18000-28000,3-5年,本科
高级嵌入式软件开发工程师,c-c++,广州,30000-35000,3-5年,本科
嵌入式软件,c-c++,黄埔区,15000-25000,3-5年,本科
数据库内核开发工程师-- 存储引擎,c-c++,天河区,20000-40000,3-5年,本科
系统研发⼯程师（分布式系统、云相关）,c-c++,广州,30000-60000,3-5年,本科
高级游戏引擎开发工程师,c-c++,广州,30000-50000,3-5年,本科
C++ Qt/QML开发工程师,c-c++,黄埔区,10000-15000,3-5年,大专
软件开发工程师,c-c++,天河区,18000-20000,3-5年,本科
嵌入式软件-域控-SOA,c-c++,花都区,15000-25000,3-5年,大专
Linux应用开发工程师,c-c++,广州,15000-30000,3-5年,本科
c++游戏服务器开发,c-c++,天河区,12000-22000,3-5年,大专
高级分布式存储高级工程师,c-c++,越秀区,30000-60000,3-5年,本科
hmi开发工程师,c-c++,花都区,14000-25000,3-5年,本科
模型部署工程师,c-c++,海珠区,15000-25000,3-5年,本科
资深C++研发工程师,c-c++,荔湾区,20000-30000,3-5年,本科
软件开发工程师,c-c++,海珠区,15000-30000,3-5年,本科
高级游戏服务器开发工程师,c-c++,广州,20000-35000,3-5年,本科
C++（外资银行+英语好）,c-c++,广州,15000-25000,3-5年,本科
c++高级软件工程师-广州,c-c++,荔湾区,13000-18000,3-5年,本科
游戏服务端开发工程师,c-c++,广州,20000-35000,3-5年,本科
高级游戏服务器开发,c-c++,天河区,12000-15000,3-5年,大专
核心网开发工程师,c-c++,黄埔区,12000-22000,3-5年,本科
LabVIEW软件工程师,c-c++,番禺区,9000-13000,3-5年,本科
软件工程师,c-c++,增城区,15000-20000,3-5年,大专
C＋＋开发工程师（客户端）,c-c++,海珠区,15000-25000,3-5年,本科
C++开发工程师（医疗）,c-c++,番禺区,13000-20000,3-5年,本科
GO研发经理,c-c++,广州,30000-40000,3-5年,本科
初中级游戏服务器开发,c-c++,天河区,15000-20000,3-5年,大专
高级游戏服务端开发工程师（erlang主程）,c-c++,天河区,15000-25000,3-5年,大专
CAM软件开发工程师,c-c++,广州,13000-26000,3-5年,本科
高级qt开发工程师,c-c++,荔湾区,18000-22000,3-5年,本科
软件工程师（平台方向）C++ Linux,c-c++,白云区,20000-30000,3-5年,本科
软件工程师,c-c++,南沙区,10000-15000,3-5年,本科
PC软件工程师,c-c++,南沙区,16000-25000,3-5年,大专
软件工程师,c-c++,南沙区,15000-30000,3-5年,本科
国网表软件开发工程师,c-c++,荔湾区,10000-15000,3-5年,本科
CAD开发工程师,c-c++,天河区,15000-25000,3-5年,本科
qt工程师,c-c++,番禺区,15000-22000,3-5年,本科
Android Framework开发-someip（外包）,c-c++,广州,20000-21000,3-5年,本科
嵌入式软件工程师（单片机MCU）,c-c++,黄埔区,13000-18000,3-5年,大专
c++,c-c++,黄埔区,15000-30000,3-5年,本科
c++开发工程师,c-c++,广州,15000-25000,3-5年,本科
C++开发工程师,c-c++,广州,15000-25000,3-5年,本科
C++开发工程师,c-c++,黄埔区,10000-15000,3-5年,本科
应用开发工程师（c/c++）,c-c++,白云区,15000-20000,3-5年,本科
机器人软件工程师(J10240),c-c++,黄埔区,18000-35000,3-5年,本科
C++开发工程师（双休）,c-c++,越秀区,18000-25000,3-5年,本科
游戏服务端主程,c-c++,天河区,20000-40000,3-5年,本科
游戏服务端主程,c-c++,天河区,20000-35000,3-5年,本科
C/C++开发工程师,c-c++,黄埔区,20000-25000,3-5年,本科
QT开发工程师,c-c++,黄埔区,12000-24000,3-5年,本科
游戏服务器开发,c-c++,广州,25000-35000,3-5年,本科
自动控制研发-AGV方向,c-c++,番禺区,15000-25000,3-5年,本科
高级c++工程师,c-c++,黄埔区,20000-30000,3-5年,本科
c++音视频开发工程师,c-c++,天河区,16000-22000,3-5年,本科
中级QT/C++程序员,c-c++,海珠区,11000-22000,3-5年,大专
UE引擎开发(构建系统/构建优化工具向）,c-c++,海珠区,50000-80000,3-5年,本科
QT开发工程师,c-c++,黄埔区,15000-25000,3-5年,本科
游戏引擎开发,c-c++,广州,30000-60000,3-5年,本科
机器人视觉软件研发工程师（中高级）,c-c++,黄埔区,22000-35000,3-5年,本科
软件开发工程师（MRCP方向）,c-c++,天河区,15000-30000,3-5年,本科
C++中高级开发工程师,c-c++,广州,18000-25000,3-5年,本科
软件测控工程师,c-c++,黄埔区,15000-25000,3-5年,本科
UE4蓝图,c-c++,天河区,5000-10000,3-5年,大专
平台研发工程师,c-c++,天河区,25000-40000,3-5年,本科
资深C++开发工程师,c-c++,黄埔区,20000-35000,3-5年,本科
C++软件开发工程师,c-c++,增城区,15000-25000,3-5年,本科
嵌入式软件工程师（双休）,c-c++,荔湾区,10000-15000,3-5年,本科
软件开发工程师（C++）,c-c++,广州,15000-30000,3-5年,本科
中级c++开发工程师-稳定不卷,c-c++,广州,20000-25000,3-5年,本科
流媒体开发（C++开发+音视频开发+平台稳定,c-c++,广州,17000-30000,3-5年,大专
应用开发工程师,golang,白云区,10000-15000,3-5年,大专
资深golang开发工程师（支付）,golang,天河区,20000-40000,3-5年,本科
go 语言,golang,越秀区,15000-25000,3-5年,大专
后端开发,golang,天河区,13000-18000,3-5年,大专
服务器开发工程师（base武汉）,golang,天河区,15000-25000,3-5年,本科
高级go开发工程师,golang,番禺区,20000-25000,3-5年,本科
后端工程师,golang,广州,30000-50000,3-5年,本科
服务端开发工程师,golang,天河区,17000-30000,3-5年,本科
Golang,golang,广州,40000-65000,3-5年,本科
高级后端开发工程师,golang,天河区,20000-30000,3-5年,本科
游戏Go服务器开发工程师,golang,广州,30000-60000,3-5年,本科
系统开发工程师【南沙】,golang,南沙区,15000-16000,3-5年,本科
golang开发工程师,golang,广州,15000-20000,3-5年,本科
Golang,golang,荔湾区,20000-30000,3-5年,大专
服务器开发,golang,广州,30000-55000,3-5年,本科
后端开发高级工程师（IoT）,golang,天河区,20000-40000,3-5年,本科
go开发工程师,golang,天河区,12000-17000,3-5年,本科
高级后台开发,golang,天河区,30000-60000,3-5年,本科
后台开发,golang,南沙区,20000-30000,3-5年,大专
资深游戏研发工程师（在研超英卡牌RPG）,golang,广州,25000-35000,3-5年,本科
Golang开发工程师（广州）,golang,海珠区,15000-25000,3-5年,本科
go开发工程师,golang,广州,30000-40000,3-5年,本科
后台开发工程师(golang游戏),golang,天河区,28000-40000,3-5年,本科
后端开发工程师-LBA People Talent,golang,海珠区,20000-40000,3-5年,本科
服务器后端主程（常驻长沙）,golang,天河区,20000-40000,3-5年,本科
golang工程师,golang,越秀区,12000-24000,3-5年,本科
PaaS后端开发工程师,golang,增城区,25000-30000,3-5年,本科
高级go后台工程师,golang,天河区,15000-30000,3-5年,本科
后端开发工程师,golang,广州,40000-50000,3-5年,本科
golang后端开发工程师,golang,天河区,15000-30000,3-5年,本科
Golang开发工程师,golang,天河区,12000-24000,经验不限,本科
Golang开发工程师,golang,越秀区,12000-15000,1-3年,本科
服务端开发工程师,golang,天河区,15000-25000,1-3年,大专
go开发工程师,golang,番禺区,15000-18000,3-5年,本科
后端开发工程师（综合业务）,golang,天河区,20000-40000,3-5年,本科
资深golang开发工程师（直播项目）,golang,天河区,18000-35000,3-5年,本科
后端开发工程师,golang,广州,30000-60000,3-5年,本科
增长营销平台服务端,golang,海珠区,35000-55000,3-5年,本科
golang开发工程师[急招](社交方向),golang,广州,15000-30000,3-5年,本科
服务器开发,golang,天河区,15000-25000,3-5年,大专
游戏服务器开发（base武汉）,golang,天河区,15000-25000,3-5年,本科
后端/资深后端研发工程师-商品供给方向,golang,海珠区,26000-45000,3-5年,本科
后端开发工程师,golang,天河区,13000-16000,3-5年,大专
高级Go后台开发工程师 (MJ003413),golang,广州,15000-25000,3-5年,本科
高级go后台开发工程师,golang,天河区,15000-30000,3-5年,本科
高级golang开发工程师,golang,天河区,13000-22000,3-5年,本科
集成开发工程师（CI/CD，央企）,golang,广州,20000-30000,3-5年,本科
服务器后端主程（常驻长沙）,golang,天河区,20000-40000,3-5年,本科
Golang负责人,golang,广州,25000-30000,3-5年,本科
高级golang开发工程师,golang,天河区,18000-30000,3-5年,本科
golang开发工程师,golang,天河区,15000-17000,3-5年,本科
大模型应用开发工程师（AI社交）,golang,天河区,15000-25000,3-5年,本科
高级后端开发工程师,golang,海珠区,20000-30000,3-5年,本科
go开发工程师,golang,白云区,14000-15000,3-5年,大专
容器云开发工程师,golang,海珠区,15000-30000,3-5年,本科
中级 PHP/Go后端开发工程师,golang,越秀区,13000-15000,3-5年,本科
资深golang开发工程师,golang,广州,30000-50000,3-5年,本科
高级golang开发工程师（主程）,golang,天河区,25000-40000,3-5年,本科
大数据平台研发工程师,golang,天河区,18000-30000,3-5年,本科
后端开发工程师（Golang）,golang,天河区,20000-25000,3-5年,本科
高级go开发工程师,golang,天河区,15000-20000,3-5年,大专
资深golang开发工程师,golang,广州,25000-50000,3-5年,本科
后端开发,golang,天河区,15000-16000,3-5年,本科
服务器后端开发工程师,golang,黄埔区,15000-25000,3-5年,本科
go研发架构师,golang,广州,25000-30000,3-5年,本科
高级游戏服务器开发工程师,golang,天河区,23000-25000,3-5年,大专
后端开发（go/python）-大厂，16薪,golang,广州,18000-30000,3-5年,本科
golang开发工程师,golang,天河区,10000-15000,3-5年,本科
golang游戏开发,golang,天河区,8000-13000,3-5年,本科
游戏服务器开发,golang,天河区,15000-25000,3-5年,大专
资深后端开发工程师,golang,天河区,30000-35000,3-5年,本科
golang开发工程师,golang,天河区,10000-15000,3-5年,本科
资深wallet开发（go）,golang,广州,30000-50000,3-5年,本科
中高级游戏服务端开发,golang,天河区,15000-25000,3-5年,本科
GO开发【佛山五百强集团】,golang,天河区,14000-16000,3-5年,本科
平台后端开发(数据集成方向),golang,广州,25000-35000,3-5年,本科
服务端研发工程师 - 抖音小游戏,golang,海珠区,50000-80000,3-5年,本科
广告系统研发工程师,golang,天河区,15000-17000,3-5年,本科
高级后端开发工程师,golang,海珠区,20000-40000,3-5年,本科
高级服务端开发工程师（go&java）,golang,广州,15000-30000,3-5年,本科
golang开发工程师,golang,天河区,10000-15000,3-5年,本科
golang开发工程师,golang,广州,8000-12000,3-5年,大专
资深后端工程师,golang,海珠区,15000-25000,3-5年,本科
golang高级工程师,golang,南沙区,6000-11000,3-5年,大专
golang服务器开发,golang,天河区,13000-18000,3-5年,本科
Golang工程师,golang,白云区,15000-25000,3-5年,本科
服务端go语言高级开发工程师,golang,越秀区,11000-12000,3-5年,本科
资深golang开发工程师,golang,天河区,25000-40000,3-5年,本科
研发工程师,golang,海珠区,15000-20000,3-5年,本科
Go 后端开发工程师,golang,天河区,13000-25000,3-5年,大专
高级服务端开发,golang,天河区,25000-35000,3-5年,本科
服务端开发工程师（base珠海）,golang,天河区,20000-30000,3-5年,本科
向量检索算法工程师,golang,广州,15000-25000,3-5年,本科
golang开发工程师,golang,天河区,15000-25000,3-5年,本科
go后端开发工程师,golang,黄埔区,11000-20000,3-5年,本科
Golang后台开发工程师,golang,天河区,15000-25000,3-5年,本科
go高级开发,golang,广州,28000-40000,3-5年,本科
golang,golang,广州,20000-30000,3-5年,本科
高级后端开发工程师--飞书人事,golang,海珠区,30000-50000,3-5年,本科
高级Golang开发工程师（容器产品）,golang,海珠区,15000-30000,3-5年,本科
后端开发工程师,golang,天河区,8000-13000,3-5年,本科
golang后端开发,golang,越秀区,10000-15000,3-5年,大专
后台开发,golang,天河区,15000-30000,3-5年,本科
后端工程师-AI项目出海赛道,golang,海珠区,16000-30000,3-5年,本科
go后端开发工程师（广告BI系统向）,golang,天河区,15000-25000,3-5年,本科
golang开发工程师,golang,海珠区,20000-28000,3-5年,本科
后端开发工程师,golang,黄埔区,9000-14000,3-5年,本科
Go 开发工程师,golang,海珠区,10000-15000,3-5年,本科
Golang开发工程师(XSS、网络安全方向),golang,天河区,13000-25000,3-5年,本科
Golang,golang,天河区,18000-25000,3-5年,本科
Golang开发工程师,golang,天河区,15000-25000,3-5年,本科
golang开发工程师（地铁上盖+包吃）,golang,天河区,15000-25000,3-5年,本科
高级游戏服务器开发工程师,golang,天河区,20000-35000,3-5年,本科
游戏服务器开发工程师,golang,天河区,30000-45000,3-5年,本科
向量检索平台开发工程师,golang,天河区,15000-25000,3-5年,本科
后端,golang,白云区,10000-15000,3-5年,大专
核心网开发工程师,golang,黄埔区,12000-22000,3-5年,本科
资深golang开发工程师,golang,越秀区,15000-18000,3-5年,本科
高级go开发工程师,golang,天河区,15000-26000,3-5年,本科
云原生开发工程师（需全英沟通）,golang,海珠区,20000-25000,3-5年,本科
高级游戏服务端开发工程师,golang,天河区,15000-23000,3-5年,本科
后台开发（golang）,golang,黄埔区,15000-25000,3-5年,本科
中级erlang游戏开发,golang,天河区,15000-20000,3-5年,大专
Golang,golang,天河区,15000-22000,3-5年,本科
go开发工程师,golang,广州,13000-25000,3-5年,大专
网络安全底层Golang开发工程师,golang,越秀区,13000-20000,3-5年,本科
资深后端开发工程师--飞书人事(广州),golang,海珠区,35000-65000,3-5年,本科
后端开发组长（社交产品方向）,golang,天河区,20000-30000,3-5年,大专
golang开发,golang,番禺区,15000-30000,3-5年,大专
服务端研发工程师-国际直播,golang,海珠区,30000-60000,3-5年,本科
游戏服务端开发（GO）,golang,天河区,15000-20000,3-5年,本科
golang开发,golang,天河区,14000-26000,3-5年,本科
高级服务端开发工程师,golang,番禺区,20000-35000,3-5年,本科
后端开发工程师,golang,天河区,18000-30000,3-5年,本科
Golang开发工程师,golang,天河区,10000-15000,3-5年,本科
erlang服务端开发工程师,golang,广州,21000-26000,3-5年,本科
golang开发工程师,golang,番禺区,15000-22000,3-5年,本科
go研发工程师,golang,天河区,15000-20000,3-5年,本科
Golang,golang,海珠区,13000-16000,3-5年,本科
云平台开发（多云管理）,golang,广州,20000-35000,3-5年,本科
中级golang开发工程师,golang,越秀区,10000-15000,3-5年,本科
高级go开发工程师,golang,番禺区,11000-14000,3-5年,大专
Golang,golang,天河区,12000-20000,3-5年,本科
高级游戏服务端开发工程师,golang,天河区,10000-14000,3-5年,本科
GO研发经理,golang,广州,30000-35000,3-5年,本科
高级后端工程师,golang,天河区,15000-25000,3-5年,本科
高级后端工程师,golang,番禺区,12000-20000,3-5年,本科
容器开发,golang,广州,35000-60000,3-5年,本科
go后端开发工程师+双休近地铁,golang,番禺区,15000-20000,3-5年,大专
云原生工程师架构师,golang,海珠区,30000-50000,3-5年,本科
后端开发工程师-基础方向-飞书,golang,天河区,30000-35000,3-5年,本科
golang后端开发工程师,golang,黄埔区,10000-12000,3-5年,大专
GO研发经理,golang,广州,25000-35000,5-10年,本科
高级安全研发工程师（Golang方向）,golang,天河区,12000-20000,3-5年,本科
golang高级开发工程师,golang,天河区,20000-25000,3-5年,本科
Golang后端开发工程师,golang,天河区,10000-15000,1-3年,大专
Golang,golang,海珠区,15000-30000,3-5年,本科
云计算架构师,golang,广州,40000-70000,3-5年,本科
golang工程师,golang,番禺区,7000-11000,经验不限,本科
后端开发工程师,golang,番禺区,10000-13000,3-5年,本科
后端高级研发工程师,golang,黄埔区,12000-24000,3-5年,本科
Golang（居家远程办公或者兼职）,golang,天河区,12000-23000,5-10年,大专
Golang开发工程师,golang,番禺区,15000-25000,3-5年,本科
后台开发工程师,golang,花都区,6000-10000,1-3年,大专
Golang高级开发工程师,golang,番禺区,15000-30000,3-5年,本科
资深服务器,golang,天河区,12000-20000,经验不限,本科
资深后端研发工程师/架构师,golang,广州,40000-70000,5-10年,本科
golang高级开发工程师,golang,番禺区,20000-35000,1-3年,本科
golang开发工程师,golang,天河区,13000-18000,5-10年,本科
go开发工程师,golang,海珠区,12000-18000,3-5年,大专
Golang,golang,番禺区,20000-30000,3-5年,本科
研发专家-容器研发,golang,广州,40000-70000,5-10年,本科
Go后端开发工程师,golang,广州,12000-20000,3-5年,大专
研发专家（golang/java/python）,golang,广州,45000-75000,5-10年,本科
golang开发工程师,golang,天河区,20000-40000,3-5年,本科
高级工程师/技术专家,golang,天河区,30000-60000,3-5年,本科
Golang初级开发工程师,golang,天河区,10000-15000,1-3年,本科
云存储研发工程师,golang,黄埔区,20000-30000,3-5年,本科
【华为东莞总部】【OD】云计算工程师,golang,越秀区,15000-30000,1-3年,本科
后端开发专家（智能车联）,golang,番禺区,20000-40000,3-5年,本科
Golang开发工程师,golang,黄埔区,15000-30000,3-5年,本科
后端开发工程师-零代码/低代码团队,golang,广州,30000-60000,3-5年,本科
后台开发工程师,golang,天河区,10000-15000,3-5年,大专
高级 Go 开发工程师,golang,番禺区,20000-30000,3-5年,本科
资深golang开发工程师,golang,广州,25000-50000,5-10年,本科
GO开发工程师,golang,番禺区,12000-20000,3-5年,本科
游戏服务端工程师,golang,天河区,9000-14000,1年以内,本科
golang高级开发工程师,golang,广州,35000-65000,3-5年,本科
erlang工程师,golang,番禺区,12000-20000,1-3年,大专
后台开发工程师,golang,海珠区,20000-35000,经验不限,本科
golang高级开发工程师,golang,海珠区,15000-20000,5-10年,本科
Golang,golang,天河区,15000-20000,3-5年,本科
网关开发工程师,golang,海珠区,15000-25000,3-5年,本科
Golang开发工程师,golang,越秀区,10000-15000,1-3年,本科
高级开发工程师-天翼视联,golang,广州,20000-30000,5-10年,本科
交易系统开发工程师,golang,广州,35000-55000,5-10年,本科
Golang开发工程师,golang,番禺区,15000-20000,3-5年,本科
Golang,golang,天河区,13000-25000,3-5年,大专
Golang后端开发工程师,golang,天河区,18000-20000,3-5年,本科
技术架构师,golang,海珠区,25000-30000,3-5年,本科
Go服务器开发,golang,广州,30000-35000,5-10年,本科
Golang,golang,海珠区,20000-35000,3-5年,本科
研发专家（云计算）-广州,golang,广州,40000-70000,5-10年,本科
go开发工程师,golang,天河区,13000-22000,1-3年,本科
GO 开发工程师,golang,海珠区,15000-25000,3-5年,本科
高级GOlang开发工程师,golang,天河区,22000-40000,3-5年,大专
后端开发工程师（Golang）,golang,广州,10000-20000,3-5年,大专
Golang高级工程师,golang,番禺区,20000-30000,3-5年,本科
Golang/Nodejs,golang,广州,15000-30000,3-5年,本科
go服务器开发工程师,golang,番禺区,20000-35000,1-3年,本科
Golang,golang,广州,35000-45000,1-3年,本科
golang开发工程师,golang,天河区,14000-18000,3-5年,本科
golang高级开发工程师,golang,天河区,15000-30000,3-5年,本科
后端开发工程师(直播系统),golang,天河区,15000-22000,3-5年,本科
中高级GO开发工程师,golang,黄埔区,11000-20000,3-5年,大专
solidity工程师,golang,天河区,7000-12000,1-3年,本科
GO游戏服务器开发,golang,越秀区,15000-25000,3-5年,本科
资深golang开发工程师,golang,广州,30000-50000,5-10年,本科
高级后端开发工程师,golang,海珠区,30000-60000,3-5年,本科
GoLang高级工程师,golang,天河区,20000-30000,5-10年,大专
golang工程师,golang,增城区,8000-13000,3-5年,本科
golang高级开发工程师,golang,黄埔区,15000-25000,3-5年,本科
高级go开发工程师,golang,海珠区,20000-35000,3-5年,本科
高级golang开发工程师,golang,天河区,35000-65000,3-5年,学历不限
核心网开发工程师,golang,天河区,12000-24000,经验不限,本科
Golang,golang,天河区,15000-30000,3-5年,本科
GO后端开发,golang,天河区,15000-20000,3-5年,大专
高级Golang语言工程师,golang,天河区,15000-30000,3-5年,本科
golang高级开发工程师(游戏研发),golang,天河区,24000-40000,5-10年,本科
后端工程师(golang),golang,广州,10000-15000,3-5年,本科
游戏服务器开发（雪中悍刀行）-腾娱互动,golang,海珠区,12000-24000,1-3年,本科
Go高级开发工程师,golang,番禺区,12000-24000,5-10年,本科
GO开发工程师,golang,黄埔区,11000-20000,1-3年,本科
golang后端开发工程师,golang,天河区,13000-26000,1-3年,本科
golang高级开发工程师,golang,天河区,25000-40000,5-10年,本科
GO/C++后端开发工程师,golang,番禺区,25000-40000,5-10年,大专
GOLANG开发工程师（中高级）,golang,番禺区,15000-25000,5-10年,本科
golang后端开发工程师,golang,白云区,8000-13000,1-3年,本科
Golang 开发,golang,海珠区,16000-19000,5-10年,本科
golang高级开发工程师,golang,天河区,30000-50000,5-10年,本科
golang开发工程师,golang,黄埔区,9000-12000,1-3年,大专
Golang 工程师,golang,海珠区,5000-10000,经验不限,大专
web3合约开发工程师,golang,番禺区,12000-24000,1-3年,本科
后台开发工程师,golang,番禺区,20000-40000,1-3年,本科
Golang主程,golang,海珠区,30000-40000,5-10年,本科
虚拟化（研发专家）,golang,广州,50000-70000,10年以上,本科
游戏后台开发,golang,天河区,7000-10000,1-3年,大专
后端开发,golang,海珠区,8000-9000,1-3年,本科
后端开发,golang,天河区,12000-18000,1-3年,本科
Golang 资深开发（合约交易/撮合）,golang,广州,40000-65000,5-10年,本科
初级golang开发工程师,golang,黄埔区,9000-14000,1-3年,本科
游戏服务器,golang,天河区,11000-15000,1-3年,大专
Golang 开发工程师,golang,南沙区,10000-15000,经验不限,本科
GO研发经理（上市连锁医药行业）,golang,广州,25000-30000,5-10年,本科
系统研发工程师,golang,海珠区,30000-50000,经验不限,本科
GO研发经理,golang,越秀区,25000-30000,5-10年,本科
go后端开发工程师,golang,天河区,10000-15000,1-3年,本科
GO开发工程师,golang,天河区,7000-10000,1-3年,大专
go服务器开发,golang,广州,40000-70000,5-10年,本科
国企-向量检索平台开发工程师,golang,广州,20000-40000,5-10年,本科
go开发经理,golang,广州,30000-40000,5-10年,本科
云原生中间件技术专家,golang,广州,60000-90000,10年以上,本科
服务端开发,golang,广州,25000-40000,5-10年,本科
go开发工程师,golang,海珠区,11000-17000,1-3年,大专
Golang工程师,golang,天河区,10000-15000,1-3年,本科
后端开发工程师,golang,黄埔区,9000-14000,1-3年,本科
容器专家/lead-广州成都,golang,广州,35000-60000,5-10年,本科
后端go开发工程师,golang,番禺区,15000-30000,5-10年,大专
技术负责人,golang,天河区,15000-25000,5-10年,本科
业务策略开发工程师,golang,天河区,15000-30000,经验不限,本科
Golang,golang,天河区,17000-20000,1-3年,本科
Golang游戏后端开发,golang,番禺区,11000-20000,3-5年,学历不限
Golang技术经理,golang,广州,30000-50000,5-10年,本科
高级容器研发工程师,golang,广州,25000-50000,5-10年,本科
go研发经理,golang,广州,25000-40000,5-10年,本科
后端开发总监,golang,广州,60000-90000,10年以上,本科
后端开发工程师,golang,天河区,7000-12000,1-3年,大专
资深golang开发工程师,golang,广州,20000-35000,5-10年,本科
golang服务器工程师,golang,天河区,12000-18000,1-3年,大专
golang高级开发工程师,golang,海珠区,11000-16000,5-10年,本科
后台研发工程师,golang,越秀区,15000-18000,1-3年,本科
服务器主程,golang,广州,40000-70000,5-10年,本科
Golang,golang,白云区,15000-16000,1-3年,本科
【外企远程 AI业务 远程】后端高级工程师,golang,越秀区,30000-50000,5-10年,本科
MQTT后台开发工程师,golang,番禺区,15000-30000,1-3年,本科
Golang,golang,天河区,15000-18000,经验不限,本科
go后端开发工程师,golang,天河区,20000-35000,5-10年,本科
初、中级GO开发（双休）,golang,天河区,8000-13000,经验不限,本科
Golang开发工程师,golang,黄埔区,8000-13000,1-3年,本科
Golang开发工程师,golang,黄埔区,15000-30000,经验不限,本科
Golang后端研发工程师,golang,海珠区,10000-15000,1-3年,大专
Golang主程/专家,golang,广州,35000-60000,5-10年,大专
DAPP开发工程师,golang,海珠区,20000-30000,5-10年,本科
游戏业务中台服务端研发(高级)工程师,golang,天河区,30000-60000,经验不限,本科
资深go开发工程师,golang,天河区,25000-40000,5-10年,本科
Golang,golang,天河区,12000-20000,1-3年,大专
Rust开发工程师,golang,海珠区,8000-12000,经验不限,学历不限
Golang,golang,天河区,10000-12000,1-3年,大专
fabric开发工程师,golang,海珠区,15000-20000,1-3年,本科
go服务端开发工程师,golang,广州,12000-20000,3-5年,学历不限
Java,java,广州,20000-21000,3-5年,本科
Java开发（广州建行）,java,天河区,13000-15000,3-5年,本科
Java开发工程师,java,白云区,8000-10000,3-5年,本科
Java后台开发工程师,java,黄埔区,10000-15000,3-5年,本科
Java,java,天河区,9000-13000,3-5年,大专
Java-驻场-广州【农行】,java,番禺区,16000-17000,3-5年,本科
Java高级工程师,java,番禺区,16000-28000,3-5年,本科
中级java开发工程师【双休】,java,广州,13000-18000,3-5年,本科
java开发(统招大专）,java,海珠区,13000-14000,3-5年,大专
软件开发工程师,java,白云区,18000-35000,3-5年,本科
java开发工程师,java,天河区,11000-19000,3-5年,本科
高级 java,java,广州,35000-60000,3-5年,本科
资深java开发工程师,java,广州,25000-50000,3-5年,本科
java 大数据开发,java,天河区,12000-18000,3-5年,大专
Java工程师,java,海珠区,13000-20000,3-5年,本科
海外后端研发工程师,java,海珠区,15000-20000,3-5年,本科
Java开发工程师,java,广州,12000-16000,3-5年,大专
Java开发工程师 (MJ000010),java,海珠区,8000-13000,3-5年,大专
Java开发工程师（地点在东莞，介意勿投）,java,黄埔区,12000-15000,3-5年,本科
Java开发后端,java,广州,15000-25000,3-5年,本科
JAVA,java,广州,11000-16000,3-5年,本科
中级java开发工程师,java,天河区,12000-18000,3-5年,本科
高级java开发（广告业务方向）,java,天河区,16000-25000,3-5年,本科
java-银行/双休/六险一金,java,天河区,12000-17000,3-5年,本科
java中级开发工程师,java,番禺区,10000-11000,3-5年,大专
Java后台开发工程师,java,天河区,9000-14000,3-5年,本科
web后台开发工程师,java,黄埔区,20000-30000,3-5年,本科
Java开发工程师（广发基金）,java,天河区,14000-16000,3-5年,本科
印刷跟单员,java,番禺区,5000-7000,3-5年,中专/中技
Java开发工程师,java,天河区,13000-16000,3-5年,大专
初级java,java,白云区,5000-9000,3-5年,大专
Java开发工程师,java,天河区,12000-20000,3-5年,大专
java开发工程师,java,天河区,10000-15000,3-5年,本科
Java开发（远程面试+轻松稳定+易面过）,java,荔湾区,9000-11000,3-5年,本科
资深java开发工程师,java,天河区,8000-12000,3-5年,大专
用友NC开发工程师,java,黄埔区,10000-15000,3-5年,本科
Java开发经理,java,天河区,22000-25000,3-5年,本科
后端开发工程师,java,天河区,15000-22000,3-5年,本科
Java开发工程师,java,黄埔区,15000-20000,3-5年,本科
Java开发工程师 (MJ000008),java,黄埔区,15000-25000,3-5年,本科
Java中高级开发工程师,java,越秀区,15000-20000,3-5年,本科
资深java开发工程师,java,广州,25000-40000,3-5年,本科
java中级开发工程师,java,白云区,11000-13000,3-5年,本科
中级java开发工程师,java,黄埔区,15000-20000,3-5年,本科
央企正编！Java开发工程师 福利多稳定,java,广州,20000-35000,3-5年,本科
Java（香港项目）,java,广州,15000-25000,3-5年,本科
JAVA开发工程师,java,海珠区,7000-8000,3-5年,大专
Java,java,海珠区,11000-20000,3-5年,本科
Java开发组长,java,天河区,13000-18000,3-5年,大专
Java中级开发工程师,java,天河区,12000-20000,3-5年,本科
java开发工程师,java,天河区,14000-17000,3-5年,大专
中高级Java开发工程师,java,番禺区,15000-25000,3-5年,本科
Java大数据开发,java,黄埔区,12000-20000,3-5年,本科
java开发工程师,java,黄埔区,9000-12000,3-5年,本科
java高级开发工程师,java,海珠区,15000-20000,3-5年,本科
JAVA高级开发工程师,java,天河区,15000-22000,3-5年,本科
研发高级工程师(A90324),java,天河区,18000-28000,3-5年,本科
Java,java,南沙区,12000-15000,3-5年,本科
高级JAVA后端开发工程师 (MJ003444),java,广州,15000-25000,3-5年,本科
java工程师,java,白云区,10000-12000,3-5年,大专
高级/资深Java开发工程师,java,番禺区,20000-40000,3-5年,本科
JAVA开发工程师,java,越秀区,10000-15000,3-5年,本科
Java,java,天河区,10000-15000,3-5年,本科
高级Java开发工程师,java,南沙区,10000-15000,3-5年,大专
中级java开发工程师,java,海珠区,11000-20000,3-5年,本科
Java高级研发工程师,java,番禺区,13000-25000,3-5年,本科
Java开发工程师,java,天河区,12000-20000,3-5年,本科
web开发和部署工程师,java,黄埔区,20000-30000,3-5年,本科
后端开发工程师,java,黄埔区,11000-17000,3-5年,本科
Java研发工程师,java,广州,15000-25000,3-5年,本科
中级java开发工程师,java,天河区,12000-20000,3-5年,本科
Java技术合伙人,java,黄埔区,15000-20000,3-5年,本科
软件工程师（OA系统/网贷信贷系统）,java,番禺区,14000-17000,3-5年,本科
手游服务端开发工程师,java,黄埔区,15000-20000,3-5年,本科
java开发工程师(中高级),java,天河区,12000-24000,3-5年,本科
Java,java,黄埔区,300-800,3-5年,大专
java全栈工程师,java,海珠区,8000-13000,3-5年,本科
Java开发主管,java,天河区,20000-25000,3-5年,本科
java游戏服务端,java,天河区,15000-20000,3-5年,本科
【广州】高级/资深JAVA工程师,java,番禺区,20000-35000,3-5年,本科
中级java开发工程师,java,广州,15000-25000,3-5年,本科
高级java开发工程师,java,荔湾区,11000-16000,3-5年,本科
资深研发工程师,java,天河区,30000-50000,3-5年,本科
中高级java工程师,java,黄埔区,10000-15000,3-5年,本科
Java开发/双休/全额公积金,java,天河区,12000-13000,3-5年,本科
Java开发工程师,java,白云区,13000-16000,3-5年,本科
java工程师/高校教师,java,白云区,6000-11000,3-5年,本科
Java,java,天河区,15000-25000,3-5年,本科
Java,java,广州,35000-40000,3-5年,本科
Java开发工程师,java,天河区,12000-16000,3-5年,本科
Java开发工程师,java,天河区,12000-16000,3-5年,本科
物联网开发工程师,java,海珠区,10000-15000,3-5年,大专
Java开发工程师,java,广州,25000-50000,3-5年,本科
NCC开发,java,天河区,10000-15000,3-5年,本科
JAVA开发,java,天河区,10000-14000,3-5年,本科
java开发,java,天河区,8000-13000,3-5年,本科
搜索推荐开发工程师,java,海珠区,20000-40000,3-5年,本科
高级Java开发工程师 【珠江新城】,java,天河区,15000-25000,3-5年,本科
java开发工程师,java,天河区,15000-30000,3-5年,本科
java开发工程师,java,天河区,13000-16000,3-5年,本科
后端开发工程师（广州）(J10478),java,天河区,15000-25000,3-5年,本科
Java 开发工程师,java,海珠区,13000-22000,3-5年,本科
java开发工程师,java,天河区,13000-20000,3-5年,本科
Java中级开发工程师,java,白云区,10000-12000,3-5年,大专
Java（佛山办公、双休线上面、企业级应用）,java,黄埔区,15000-18000,3-5年,本科
Java后台开发工程师,java,广州,11000-20000,3-5年,本科
Java后端（区块链+AI）,java,海珠区,25000-40000,3-5年,本科
Java开发-无限极,java,白云区,11000-13000,3-5年,大专
Java,java,海珠区,550-600,3-5年,本科
JAVA开发工程师,java,广州,11000-15000,3-5年,本科
Java医疗软件开发工程师,java,天河区,8000-11000,3-5年,大专
java开发工程师,java,天河区,9000-12000,3-5年,本科
电商JAVA中高级开发工程师,java,天河区,12000-18000,3-5年,本科
java（电商经验）,java,广州,10000-12000,3-5年,本科
中级软件工程师,java,荔湾区,7000-10000,3-5年,大专
Java中级开发工程师,java,天河区,10000-15000,3-5年,本科
Java,java,天河区,10000-15000,3-5年,本科
新能源JAVA开发工程师,java,广州,12000-20000,3-5年,大专
Java中级开发工程师,java,天河区,6000-11000,3-5年,本科
java开发工程师,java,天河区,15000-25000,3-5年,本科
项目驻点开发,java,海珠区,8000-12000,3-5年,本科
Java（广州）,java,番禺区,11000-12000,3-5年,本科
Java开发工程师,java,天河区,14000-15000,3-5年,本科
服务端开发工程师（unisdk),java,广州,45000-50000,3-5年,本科
低代码开发工程师（Java/.Net）,java,天河区,12000-22000,3-5年,本科
后端开发工程师,java,南沙区,9000-14000,3-5年,本科
Java后端开发工程师（大厂，流程快）,java,广州,25000-45000,3-5年,本科
java后端工程师,java,海珠区,7000-12000,3-5年,本科
java开发工程师-九,java,广州,10000-13000,3-5年,本科
银行直签-java研发工程师,java,广州,30000-45000,3-5年,本科
Java（广州）,java,广州,25000-26000,3-5年,本科
Java研发工程师,java,黄埔区,8000-13000,3-5年,本科
后端研发工程师（双休包吃+六险一金）,java,天河区,10000-15000,3-5年,本科
java开发工程师,java,白云区,11000-20000,3-5年,本科
鞋服OMS/ERP/WMS Java+PHP开发,java,天河区,10000-12000,3-5年,大专
高级java开发工程师,java,天河区,20000-25000,3-5年,本科
金蝶云星空接口开发,java,白云区,10000-15000,3-5年,大专
中级java开发工程师,java,越秀区,8000-10000,3-5年,本科
Java-外包-有mes项目经验,java,广州,15000-25000,3-5年,大专
Java开发工程师（广州-银行项目）,java,天河区,18000-22000,3-5年,本科
中级java开发工程师,java,海珠区,8000-11000,3-5年,本科
java研发工程师,java,天河区,11000-16000,3-5年,本科
非常紧急-资深后端开发工程师（广州）,java,广州,20000-35000,3-5年,本科
java中级开发工程师,java,黄埔区,10000-15000,3-5年,大专
Java开发,java,番禺区,11000-18000,3-5年,本科
高级java研发工程师,java,番禺区,12000-18000,3-5年,大专
Java/python开发工程师（大模型应用方向）,java,黄埔区,14000-19000,3-5年,本科
Java,java,天河区,12000-24000,3-5年,本科
中级java开发工程师,java,天河区,13000-18000,3-5年,本科
Java软件研发工程师,java,广州,18000-29000,3-5年,本科
java后端开发工程师,java,黄埔区,18000-30000,3-5年,本科
Java高级工程师,java,天河区,15000-30000,3-5年,本科
java高级开发工程师,java,天河区,16000-25000,3-5年,本科
Java/全栈开发工程师,java,天河区,15000-23000,3-5年,本科
中级Java开发工程师,java,天河区,10000-15000,3-5年,本科
Java开发,java,天河区,13000-15000,3-5年,大专
高级全栈开发工程师（vue和java必须都会）,java,黄埔区,15000-20000,3-5年,本科
java高级软件工程师,java,天河区,15000-20000,3-5年,本科
java开发,java,黄埔区,10000-12000,3-5年,本科
Java开发工程师（驻阿联酋）,java,天河区,15000-30000,3-5年,本科
JAVA开发+统专,java,海珠区,9000-11000,3-5年,大专
java开发工程师(日语 ),java,天河区,18000-35000,3-5年,大专
java工程师-base深圳,java,广州,20000-23000,3-5年,本科
java中级工程师,java,天河区,8000-12000,3-5年,本科
Java软件开发工程师,java,广州,15000-25000,3-5年,本科
高级java开发,java,番禺区,25000-50000,3-5年,本科
Java开发工程师,java,天河区,11000-18000,3-5年,本科
中级java开发工程师,java,越秀区,10000-15000,3-5年,本科
Java游戏服务端,java,海珠区,14000-18000,3-5年,大专
Java开发工程师,java,天河区,12000-15000,3-5年,大专
java中级开发工程师,java,黄埔区,10000-13000,3-5年,大专
后端开发工程师（学信网本科）,java,天河区,12000-14000,3-5年,大专
高级后台开发工程师,java,海珠区,20000-35000,3-5年,本科
后台开发工程师,java,番禺区,15000-30000,3-5年,本科
JAVA工程师,java,天河区,11000-13000,3-5年,本科
java中级开发工程师,java,天河区,13000-17000,3-5年,本科
Java工程师（京东+视频面试）,java,天河区,13000-15000,3-5年,本科
中/高级java开发工程师,java,黄埔区,15000-25000,3-5年,本科
Java开发工程师（银行/英文）,java,黄埔区,15000-25000,3-5年,本科
高级软件开发工程师,java,广州,18000-30000,3-5年,本科
后端工程师,java,广州,60000-75000,3-5年,本科
Java开发工程师,java,海珠区,12000-18000,3-5年,本科
大数据平台开发工程师（计算引擎方向）,java,广州,25000-40000,3-5年,本科
中/高级java开发工程师,java,番禺区,500-700,3-5年,本科
Java开发工程师,java,海珠区,10000-14000,3-5年,大专
高级java开发,java,黄埔区,10000-15000,3-5年,本科
java开发工程师,java,越秀区,13000-20000,3-5年,大专
java,java,广州,20000-40000,3-5年,本科
java开发工程师,java,海珠区,15000-23000,3-5年,大专
国企-Java研发工程师,java,广州,20000-30000,3-5年,本科
JAVA开发工程师,java,海珠区,10000-15000,3-5年,本科
java（外企英语流利）,java,黄埔区,16000-21000,3-5年,本科
Java开发工程师（双休 线上面试）,java,天河区,12000-18000,3-5年,本科
中高级java后端开发,java,黄埔区,11000-16000,3-5年,大专
程序开发,java,番禺区,12000-20000,3-5年,大专
Java,java,黄埔区,8000-12000,3-5年,本科
软件技术讲师,java,从化区,10000-13000,3-5年,本科
初中级java（农行）,java,番禺区,11000-16000,3-5年,本科
前端后端鸿蒙（可培训/有经验的)可合作,java,黄埔区,11000-20000,3-5年,大专
Java,java,番禺区,15000-25000,3-5年,本科
java高级开发工程师,java,番禺区,12000-18000,3-5年,本科
JAVA后端开发,java,番禺区,15000-20000,3-5年,本科
Java高级工程师,java,天河区,11000-22000,3-5年,本科
erp软件开发工程师,java,黄埔区,10000-14000,3-5年,本科
java开发工程师,java,广州,20000-40000,3-5年,本科
Java全栈/后端开发工程师,java,黄埔区,15000-20000,3-5年,本科
后端开发工程师,java,天河区,25000-40000,3-5年,本科
信息系统技术员,java,花都区,10000-15000,3-5年,本科
Java开发工程师,java,黄埔区,10000-15000,3-5年,本科
高级java开发工程师（人力、行政方向）,java,荔湾区,14000-22000,3-5年,本科
中级java开发工程师,java,黄埔区,8000-12000,3-5年,本科
（银行项目+周末双休）JAVA开发工程师,java,番禺区,15000-20000,3-5年,本科
中级java开发工程师,java,番禺区,12000-18000,3-5年,本科
高级/资深java开发工程师,java,海珠区,20000-30000,3-5年,本科
Java工程师,java,广州,11000-14000,3-5年,本科
Java 开发工程师,java,天河区,12000-17000,3-5年,大专
Java开发工程师,java,黄埔区,10000-13000,3-5年,大专
java开发工程师,java,海珠区,8000-12000,3-5年,本科
Java,java,天河区,13000-22000,3-5年,本科
java,java,广州,17000-25000,3-5年,本科
Java,java,天河区,9000-13000,3-5年,本科
Java,java,黄埔区,15000-16000,3-5年,本科
高级后台开发工程师,java,广州,15000-30000,3-5年,大专
数据安全工程师,java,天河区,14000-28000,3-5年,本科
Java开发-外包珠海工行-学历学信 MJ000643,java,天河区,14000-16000,3-5年,本科
中级java开发工程师,java,番禺区,10000-15000,3-5年,大专
java开发,java,天河区,12000-16000,3-5年,本科
Senior Software Engineer,java,广州,20000-30000,3-5年,本科
java高级开发工程师-电商业务（大厂）,java,广州,25000-50000,3-5年,本科
知名外企-软件开发工程师,java,天河区,13000-25000,3-5年,本科
Java开发（电商）,java,天河区,10000-13000,3-5年,本科
初级java开发工程师,java,越秀区,6000-10000,3-5年,本科
java后端开发,java,越秀区,10000-15000,3-5年,本科
资深java工程师,java,黄埔区,18000-30000,3-5年,本科
Java开发工程师,java,天河区,11000-20000,3-5年,本科
java全栈工程师,java,增城区,11000-15000,3-5年,大专
java  go中级开发工程师,java,天河区,9000-13000,3-5年,大专
中/高级java开发工程师,java,天河区,10000-15000,3-5年,本科
Java开发工程师 (Base珠海),java,广州,11000-20000,3-5年,本科
Java开发工程师,java,天河区,13000-18000,3-5年,本科
Java软件工程师,java,黄埔区,12000-20000,3-5年,大专
java项目经理,java,广州,9000-14000,3-5年,大专
java开发工程师【交通/地图】,java,广州,13000-15000,3-5年,本科
Java开发工程师,java,天河区,13000-19000,3-5年,本科
后端开发工程师,java,黄埔区,8000-12000,3-5年,本科
中级java开发工程师,java,天河区,10000-13000,3-5年,本科
Java开发工程师【东莞工作，银行项目】,java,黄埔区,10000-15000,3-5年,本科
高级Java工程师,java,番禺区,8000-13000,3-5年,本科
Java开发工程师,java,海珠区,10000-11000,3-5年,本科
高级java开发工程师,java,荔湾区,10000-15000,3-5年,本科
JAVA（短期驻场三个月）,java,白云区,12000-13000,3-5年,本科
信息系统开发工程师 (MJ000397),java,黄埔区,11000-17000,3-5年,本科
Java开发工程师,java,天河区,11000-18000,3-5年,本科
大数据平台后端,java,广州,25000-35000,3-5年,本科
Mule Developer - Guangzhou,java,天河区,15000-25000,3-5年,本科
java开发工程师,java,黄埔区,12000-18000,3-5年,大专
Java工程师,java,海珠区,9000-14000,3-5年,本科
java后端工程师,java,天河区,13000-20000,3-5年,大专
java后端开发工程师,java,天河区,15000-20000,3-5年,本科
中高级后端工程师,java,荔湾区,9000-14000,3-5年,本科
Java,java,白云区,9000-10000,3-5年,本科
java开发工程师,java,番禺区,12000-18000,3-5年,本科
Java开发工程师 (MJ000152),java,白云区,12000-16000,3-5年,大专
Java软件研发工程师-国企-劳务派遣,java,广州,20000-25000,3-5年,本科
中/高级java开发工程师,java,天河区,7000-12000,3-5年,本科
Java开发工程师（外企）,java,广州,18000-28000,3-5年,本科
java（驻场）现场面试-双休加班少5号发工资,java,白云区,10000-13000,3-5年,本科
java开发工程师,java,番禺区,8000-13000,3-5年,大专
系统开发岗,java,天河区,15000-16000,3-5年,本科
Java中级开发工程师,java,黄埔区,15000-25000,3-5年,本科
java开发-银行项目,java,黄埔区,15000-20000,3-5年,本科
java开发工程师,java,广州,30000-50000,3-5年,本科
Java工程师中级,java,黄埔区,9000-14000,3-5年,大专
Java开发（外包）,java,天河区,10000-15000,3-5年,本科
后端工程师,java,番禺区,6000-8000,3-5年,本科
信息化开发工程师,java,番禺区,15000-22000,3-5年,本科
java开发工程师,java,天河区,20000-25000,3-5年,本科
中级java开发工程师,java,天河区,12000-16000,3-5年,本科
中级java开发工程师,java,越秀区,12000-16000,3-5年,大专
Java,java,天河区,8000-12000,3-5年,大专
兼职IPTV流媒体开发工程师,java,海珠区,14000-15000,3-5年,大专
java研发工程师,java,广州,20000-30000,3-5年,本科
资深研发工程师,java,广州,30000-50000,3-5年,本科
JAVA开发工程师,java,黄埔区,12000-15000,3-5年,本科
Java开发工程师,java,番禺区,15000-28000,3-5年,本科
java开发工程师（证券项目）,java,天河区,15000-20000,3-5年,本科
java开发工程师,java,天河区,10000-15000,3-5年,本科
java开发工程师,java,越秀区,20000-40000,3-5年,本科
Java开发转测试,java,天河区,12000-14000,3-5年,本科
Java开发工程师,java,黄埔区,18000-30000,3-5年,本科
高级java开发工程师（社交产品）,java,天河区,15000-25000,3-5年,大专
资深后台开发工程师,java,黄埔区,15000-24000,3-5年,本科
开发工程师（工业数字化）,java,黄埔区,11000-20000,3-5年,本科
java开发工程师,java,黄埔区,9000-12000,3-5年,本科
Java开发工程师,java,海珠区,10000-15000,3-5年,本科
物联网数据java（南网）,java,黄埔区,13000-20000,3-5年,本科
java 不外包,java,广州,20000-35000,3-5年,本科
Java开发工程师/专家（广州）,java,广州,35000-65000,3-5年,本科
中级Java开发工程师,java,天河区,11000-20000,3-5年,本科
java中级开发工程师,java,天河区,11000-14000,3-5年,本科
php工程师,php,增城区,9000-13000,3-5年,大专
PHP程序员兼职,php,白云区,4000-5000,3-5年,大专
"后端开发工程师（Node.js,Golang,PHP）",php,天河区,15000-25000,3-5年,本科
【急招】php开发工程师,php,海珠区,9000-12000,3-5年,本科
PHP开发工程师,php,海珠区,15000-18000,3-5年,本科
中高级后端开发工程师（PHP）,php,天河区,10000-15000,3-5年,本科
PHP开发工程师,php,海珠区,15000-26000,3-5年,本科
高级开发工程师,php,天河区,13000-18000,3-5年,大专
游戏SDK架构师,php,黄埔区,18000-25000,3-5年,大专
php工程师,php,番禺区,10000-15000,3-5年,本科
网站开发工程师（PHP）,php,越秀区,8000-12000,3-5年,大专
PHP（花都+双休）,php,花都区,12000-17000,3-5年,大专
资深后端开发工程师,php,海珠区,24000-30000,3-5年,本科
php开发工程师,php,天河区,10000-15000,3-5年,大专
PHP开发工程师,php,天河区,8000-13000,3-5年,本科
PHP,php,天河区,10000-15000,3-5年,本科
php网站开发工程师,php,越秀区,8000-12000,3-5年,本科
PHP全栈工程师,php,越秀区,8000-13000,3-5年,大专
php开发工程师,php,天河区,12000-24000,3-5年,本科
php工程师,php,番禺区,10000-15000,3-5年,大专
php,php,番禺区,9000-13000,1-3年,本科
PHP开发（电商平台）,php,广州,20000-23000,5-10年,本科
PHP 开发工程师,php,广州,15000-25000,3-5年,本科
PHP开发工程师,php,广州,8000-13000,1-3年,大专
微信小程序前后端开发工程师,php,越秀区,8000-12000,1-3年,本科
游戏数据平台开发,php,番禺区,7000-12000,1-3年,本科
php高级开发工程师,php,番禺区,7000-9000,1-3年,大专
技术主管（社交电商）,php,广州,21000-23000,5-10年,本科
海外网盟后端开发（可兼职）,php,番禺区,15000-16000,1-3年,本科
WordPress/woocommerce建站工程师,php,番禺区,3000-8000,1-3年,大专
高级PHP开发工程师,php,番禺区,10000-15000,3-5年,本科
php工程师,php,天河区,12000-20000,3-5年,大专
PHP,php,海珠区,9000-12000,3-5年,大专
php开发工程师,php,天河区,10000-15000,3-5年,大专
PHP,php,天河区,10000-15000,3-5年,大专
高级后端开发工程师,php,白云区,8000-12000,3-5年,大专
php资深开发工程师,php,天河区,10000-15000,3-5年,大专
CRM小程序开发,php,海珠区,8000-13000,3-5年,本科
php开发工程师,php,天河区,10000-15000,3-5年,本科
PHP高级工程师,php,天河区,12000-15000,3-5年,本科
php开发（不在广州勿投递）,php,黄埔区,10000-15000,3-5年,大专
高级php工程师,php,番禺区,13000-20000,3-5年,本科
PHP高级开发工程师,php,天河区,15000-20000,3-5年,本科
php开发工程师,php,海珠区,11000-17000,3-5年,大专
高级php工程师,php,广州,7000-10000,3-5年,大专
PHP开发工程师（游戏）,php,天河区,13000-20000,3-5年,本科
资深php开发工程师,php,天河区,14000-20000,3-5年,本科
php开发工程师,php,天河区,11000-20000,3-5年,大专
高级/资深PHP工程师,php,天河区,25000-40000,3-5年,大专
php中高级开发工程师,php,天河区,10000-15000,3-5年,本科
后端php开发工程师,php,天河区,10000-15000,3-5年,本科
PHP开发（双休+五险一金+餐补）,php,天河区,15000-20000,3-5年,本科
php后端工程师,php,白云区,7000-10000,3-5年,大专
php高级研发工程师,php,增城区,15000-20000,3-5年,大专
PHP 开发工程师,php,天河区,12000-20000,3-5年,大专
php开发工程师,php,天河区,10000-15000,3-5年,本科
PHP开发工程师,php,黄埔区,11000-22000,3-5年,本科
中级php开发工程师,php,天河区,11000-15000,3-5年,大专
中高级php开发工程师,php,天河区,13000-18000,3-5年,大专
php工程师【六险一金|双休|磨碟沙地铁站】,php,海珠区,11000-13000,3-5年,本科
PHP,php,白云区,13000-25000,5-10年,本科
php后端工程师,php,天河区,6000-10000,3-5年,学历不限
高级PHP开发工程师,php,天河区,15000-20000,5-10年,本科
PHP研发工程师,php,广州,6000-11000,3-5年,大专
PHP开发工程师,php,番禺区,18000-25000,经验不限,本科
海外商城技术主管,php,白云区,18000-23000,5-10年,本科
php后端开发,php,白云区,15000-20000,1-3年,本科
php程序员,php,越秀区,7000-12000,3-5年,学历不限
高级PHP开发工程师,php,广州,25000-35000,5-10年,本科
php后端程序员,php,番禺区,1000-3000,3-5年,学历不限
资深服务端开发工程师,php,天河区,35000-45000,5-10年,本科
PHP工程师,php,白云区,10000-15000,5-10年,本科
潮玩盲盒app或小程序开发,php,天河区,15000-30000,5-10年,大专
全栈工程师/后端开发工程师/网站开发工程师,php,天河区,12000-20000,1-3年,本科
php开发工程师,php,黄埔区,10000-15000,5-10年,大专
PHP,php,天河区,11000-18000,5-10年,本科
PHP,php,海珠区,4000-8000,经验不限,大专
游戏PHP开发工程师,php,天河区,6000-8000,1年以内,大专
中高级php开发工程师,php,天河区,12000-18000,5-10年,本科
PHP开发工程师,php,天河区,7000-12000,1-3年,大专
PHP开发工程师,php,海珠区,10000-15000,1-3年,大专
海外业务平台开发工程师,php,广州,18000-23000,5-10年,本科
粤语面试-电商平台开发工程师-熟悉Magento,php,广州,20000-30000,5-10年,本科
技术经理（后端）,php,海珠区,30000-50000,5-10年,本科
php,php,天河区,10000-15000,1-3年,大专
PHP高级开发工程师,php,天河区,15000-20000,5-10年,大专
双休/php工程师/高薪,php,番禺区,15000-25000,1-3年,本科
中级PHP开发工程师,php,番禺区,7000-10000,1-3年,本科
php开发工程师,php,越秀区,8000-13000,1-3年,大专
PHP全栈开发工程师（周末双休）,php,天河区,10000-15000,1-3年,本科
后端工程师（PHP）,php,海珠区,7000-12000,1-3年,本科
PHP开发工程师,php,天河区,10000-15000,1-3年,本科
PHP工程师,php,白云区,8000-10000,1-3年,大专
初级后端开发工程师,php,番禺区,5000-8000,经验不限,本科
php开发工程师,php,越秀区,8000-13000,经验不限,大专
资深php开发工程师,php,天河区,28000-45000,5-10年,大专
高级php开发工程师,php,花都区,6000-8000,1-3年,大专
PHP开发工程师,php,海珠区,7000-10000,1-3年,大专
php 程序员 网站开发,php,黄埔区,7000-10000,1-3年,大专
php开发工程师,php,海珠区,8000-12000,1-3年,大专
php中级开发工程师,php,天河区,15000-16000,1-3年,本科
高级php后端工程师,php,天河区,7000-10000,1-3年,本科
后端开发工程师（周末双休+福利优越）,php,越秀区,12000-15000,1-3年,大专
php工程师,php,白云区,6000-11000,1-3年,大专
PHP,php,天河区,4000-7000,1-3年,学历不限
社交PHP,php,番禺区,18000-25000,5-10年,学历不限
php高级程序员,php,番禺区,10000-12000,10年以上,学历不限
php开发工程师,php,天河区,10000-15000,3-5年,大专
中级php开发工程师,php,黄埔区,10000-15000,3-5年,本科
高级PHP开发工程师,php,番禺区,10000-15000,3-5年,本科
php开发工程师（广告投放模块）,php,海珠区,13000-20000,3-5年,本科
PHP开发工程师（游戏发行）,php,天河区,13000-17000,3-5年,本科
PHP高级开发工程师,php,天河区,15000-20000,3-5年,大专
php开发工程师,php,天河区,10000-15000,3-5年,本科
PHP 开发工程师,php,广州,20000-22000,3-5年,本科
php JavaScript html资深工程师,php,番禺区,3000-8000,1-3年,本科
招PHP全栈工程师,php,白云区,15000-20000,5-10年,大专
PHP工程师【六险一金|双休】,php,海珠区,11000-13000,1-3年,本科
php开发工程师/自研/C轮/千万级用户,php,天河区,11000-15000,1-3年,大专
游戏PHP开发工程师（双休+氛围好）,php,番禺区,8000-12000,1-3年,本科
PHP开发工程师,php,白云区,11000-17000,5-10年,本科
PHP开发工程师,php,广州,10000-15000,5-10年,大专
高级php开发（双休+非外包）,php,荔湾区,12000-18000,5-10年,大专
php游戏后台开发,php,天河区,6000-11000,1-3年,本科
php后端开发,php,番禺区,5000-10000,1-3年,学历不限
PHP开发工程师（短剧业务/广告业务）,php,海珠区,15000-20000,3-5年,本科
诚聘 初中级PHP开发大佬（swoole项目经验),php,天河区,9000-14000,1-3年,大专
PHP开发经理（短剧）,php,海珠区,20000-35000,5-10年,本科
PHP开发组长（研发后台/广告平台）,php,海珠区,20000-25000,5-10年,本科
PHP开发经理,php,海珠区,25000-35000,5-10年,本科
Python开发工程师,python,番禺区,10000-15000,3-5年,本科
python后端开发,python,广州,16000-24000,3-5年,大专
Python开发,python,越秀区,11000-19000,3-5年,大专
资深游戏客户端开发工程师,python,广州,30000-50000,3-5年,本科
python后端开发工程师,python,番禺区,3000-6000,3-5年,本科
外企银行正编，Python Engineer,python,广州,25000-30000,3-5年,本科
python工程师,python,天河区,10000-15000,3-5年,本科
软件工程师,python,番禺区,10000-15000,3-5年,本科
硬件python,python,越秀区,9000-13000,3-5年,大专
odoo开发工程师,python,南沙区,10000-15000,3-5年,本科
python（Java）,python,黄埔区,10000-15000,3-5年,本科
六险二金！向量检索平台开发工程师,python,广州,25000-35000,3-5年,本科
初中高级Python工程师,python,广州,15000-25000,3-5年,本科
python高级开发工程师,python,白云区,25000-35000,3-5年,本科
后端 Python 开发,python,广州,20000-21000,3-5年,本科
python,python,广州,20000-22000,3-5年,大专
高级python开发工程师,python,天河区,16000-20000,3-5年,本科
后端 Python 开发(中高级）,python,广州,20000-21000,3-5年,本科
高级Python开发（容器）,python,广州,20000-25000,3-5年,本科
Python开发,python,白云区,11000-13000,3-5年,大专
python讲师,python,天河区,10000-15000,3-5年,本科
Python高级开发工程师,python,广州,15000-25000,3-5年,本科
python开发,python,天河区,8000-13000,3-5年,大专
Python后端开发,python,番禺区,20000-40000,3-5年,本科
高级python开发工程师,python,海珠区,20000-30000,3-5年,本科
python高级开发工程师,python,广州,25000-30000,3-5年,本科
python开发,python,广州,20000-30000,3-5年,本科
python后端工程师（广州）,python,天河区,10000-12000,3-5年,本科
python数据分析工程师,python,天河区,5000-10000,3-5年,本科
Python/GO服务端开发（广州/杭州/北京）,python,广州,20000-40000,3-5年,本科
游戏工具开发（大平台+福利好）,python,天河区,12000-18000,1-3年,本科
游戏开发（我的世界）,python,海珠区,9000-14000,经验不限,大专
量化策略开发工程师,python,海珠区,15000-20000,1-3年,本科
AI数据工程师,python,天河区,10000-15000,1-3年,本科
Python,python,海珠区,7000-12000,1-3年,本科
python开发工程师,python,黄埔区,13000-18000,5-10年,大专
后端开发工程师,python,广州,30000-50000,3-5年,硕士
Python,python,白云区,12000-13000,3-5年,硕士
rpa开发工程师,python,白云区,7000-12000,1-3年,本科
高级游戏服务器开发工程师,python,广州,25000-35000,5-10年,本科
python专家,python,广州,50000-80000,经验不限,本科
python工程师,python,白云区,10000-15000,1-3年,本科
高级存储开发工程师,python,南沙区,40000-55000,5-10年,本科
RPA（影刀）开发工程师,python,白云区,7000-10000,1年以内,本科
数据开发工程师,python,海珠区,25000-50000,经验不限,大专
python开发 （现场面试1轮+易过面）,python,越秀区,10000-13000,1-3年,本科
Compiler编译器开发工程师,python,海珠区,20000-35000,1-3年,本科
python开发工程师,python,天河区,10000-15000,1-3年,大专
测试装备开发工程师,python,黄埔区,12000-18000,5-10年,本科
影刀/uibot/RPA开发（线上办公）,python,天河区,3000-6000,1-3年,本科
爬虫工程师,python,番禺区,15000-25000,1-3年,本科
Python WEB工程师,python,海珠区,4000-8000,经验不限,大专
云平台开发工程师,python,天河区,20000-40000,5-10年,本科
Python后端工程师,python,白云区,11000-22000,1-3年,本科
Python工程师,python,番禺区,15000-25000,1-3年,本科
python后端开发工程师,python,番禺区,9000-13000,1-3年,本科
python开发工程师,python,越秀区,11000-18000,1-3年,大专
中级python开发工程师,python,海珠区,7000-12000,1-3年,本科
数据科学家,python,广州,20000-40000,3-5年,硕士
高级开发工程师,python,番禺区,15000-25000,5-10年,本科
Python,python,天河区,12000-14000,3-5年,本科
高级大数据开发工程师,python,广州,30000-45000,3-5年,本科
python开发/双休/证券假,python,天河区,13000-17000,3-5年,本科
大数据分析工程师,python,天河区,8000-11000,3-5年,本科
python开发工程师,python,黄埔区,8000-13000,3-5年,大专
Python初/中/高级（广州）,python,广州,15000-25000,3-5年,本科
python程序员,python,番禺区,5000-8000,3-5年,高中
高级逆向工程师,python,广州,20000-40000,3-5年,本科
初级python开发工程师（广州）,python,天河区,9000-12000,3-5年,本科
游戏服务端开发工程师,python,广州,20000-40000,3-5年,本科
python高级开发工程师,python,海珠区,15000-20000,3-5年,本科
rpa工程师,python,黄埔区,11000-15000,3-5年,大专
初中级Python开发（农行上班）,python,番禺区,11000-16000,3-5年,本科
python开发工程师（初/中/高级）,python,越秀区,12000-18000,3-5年,大专
高级游戏后端开发工程师,python,黄埔区,20000-40000,3-5年,本科
AI虚拟数字人交互一体机开发工程师,python,海珠区,5000-15000,3-5年,本科
python开发工程师,python,广州,16000-26000,3-5年,大专
人工智能架构师,python,广州,30000-40000,3-5年,本科
大模型应用开发工程师,python,黄埔区,14000-18000,3-5年,本科
量化策略工程师,python,天河区,15000-16000,3-5年,本科
高级后端开发工程师（入职购买五险）,python,番禺区,15000-18000,3-5年,本科
机器人软件集成工程师,python,海珠区,25000-50000,3-5年,本科
python工程师,python,天河区,8000-12000,3-5年,大专
运维（环境好，不加班，RPA ）,python,黄埔区,11000-12000,3-5年,本科
泰国后端开发工程师（需驻外）,python,天河区,20000-40000,3-5年,本科
python开发,python,天河区,15000-22000,3-5年,本科
python兼职,python,天河区,8000-13000,3-5年,大专
Python开发工程师（8-15k）,python,番禺区,8000-13000,3-5年,本科
平台开发工程师,python,天河区,15000-25000,3-5年,大专
后端开发工程师-广告投放平台,python,天河区,12000-24000,3-5年,本科
高级后端开发工程师,python,广州,40000-65000,3-5年,本科
python开发工程师,python,天河区,12000-18000,3-5年,本科
高级后端工程师,python,天河区,20000-40000,3-5年,本科
游戏客户端开发工程师,python,黄埔区,20000-40000,3-5年,本科
中级python工程师,python,天河区,10000-15000,3-5年,本科
Python开发工程师（算法方向）,python,海珠区,15000-20000,3-5年,本科
python服务端开发,python,天河区,13000-20000,3-5年,本科
高级后端开发工程师（AI方向）,python,天河区,11000-20000,3-5年,本科
Python工程师,python,天河区,12000-18000,3-5年,本科
中级python开发工程师,python,黄埔区,12000-24000,3-5年,本科
python后端开发工程师,python,番禺区,20000-40000,3-5年,本科
Python 工程师 -金融/银行背景优先,python,广州,20000-30000,3-5年,本科
Python后端开发工程师,python,天河区,15000-18000,3-5年,本科
python开发工程师（远程面试，东莞办公）,python,天河区,11000-15000,3-5年,本科
Python开发,python,越秀区,10000-15000,3-5年,大专
流程TD（电影部门）,python,天河区,15000-25000,3-5年,大专
游戏服务端工程师,python,天河区,15000-22000,3-5年,本科
Python研发工程师(J10725),python,天河区,11000-18000,3-5年,大专
python高级开发工程师,python,越秀区,16000-18000,3-5年,本科
openstack开发工程师,python,天河区,18000-35000,3-5年,本科
后端开发工程师,python,天河区,8000-13000,3-5年,本科
Python工程师,python,天河区,12000-15000,3-5年,本科
python开发工程师（南航，双休）,python,白云区,12000-18000,3-5年,本科
Python开发交付工程师,python,天河区,12000-24000,3-5年,本科
python开发（AI产品）,python,海珠区,10000-15000,3-5年,本科
python全栈开发工程师,python,海珠区,15000-25000,3-5年,本科
Python开发工程师,python,黄埔区,12000-18000,3-5年,本科
Python岗-Copilot 研发（希望在总部~）,python,天河区,25000-40000,3-5年,本科
中高级后台开发,python,海珠区,16000-29000,3-5年,本科
rpa开发工程师,python,天河区,10000-15000,3-5年,本科
python后端开发,python,天河区,12000-22000,3-5年,大专
Python开发（稳定&不卷）,python,天河区,10000-15000,3-5年,本科
python开发工程师,python,番禺区,12000-14000,3-5年,大专
python开发工程师,python,天河区,14000-19000,3-5年,本科
Python工程师,python,天河区,12000-18000,3-5年,本科
APP逆向工程师,python,天河区,12000-20000,3-5年,大专
erlang主程,python,天河区,25000-40000,3-5年,本科
软件工程师,python,黄埔区,8000-12000,3-5年,本科
ai开发工程师-兼职,python,天河区,5000-10000,3-5年,本科
python运维开发工程师,python,天河区,11000-15000,3-5年,本科
Python,python,天河区,10000-15000,3-5年,本科
爬虫工程师,python,天河区,13000-20000,3-5年,本科
Python,python,天河区,15000-25000,3-5年,本科
资深python开发,python,广州,25000-50000,3-5年,本科
Python后端开发工程师（周末双休）,python,天河区,11000-13000,3-5年,大专
rpa开发工程师,python,白云区,10000-15000,3-5年,大专
后端开发工程师,python,天河区,25000-50000,3-5年,本科
python开发工程师,python,白云区,8000-12000,3-5年,大专
odoo开发工程师（双休）,python,天河区,15000-17000,3-5年,大专
虚拟化研发工程师,python,海珠区,15000-30000,3-5年,本科
交易风险量化开发工程师-Python,python,广州,35000-40000,3-5年,本科
高级Python开发工程师（居家办公）,python,南沙区,15000-20000,3-5年,本科
中级python开发工程师,python,黄埔区,15000-20000,3-5年,本科
资深客户端开发工程师（工具向）,python,黄埔区,25000-50000,3-5年,本科
金融工程师,python,广州,25000-35000,3-5年,本科
python开发工程师,python,番禺区,14000-20000,3-5年,本科
python开发,python,海珠区,15000-20000,3-5年,本科
python高级开发工程师,python,番禺区,7000-12000,3-5年,大专
Python开发（英语良好）,python,天河区,18000-30000,3-5年,本科
后端python工程师（非RPA),python,广州,20000-24000,3-5年,大专
python培训讲师,python,白云区,10000-15000,3-5年,大专
Odoo开发实施顾问,python,番禺区,13000-18000,3-5年,本科
Python开发工程师,python,海珠区,12000-24000,3-5年,本科
Java数据采集,python,黄埔区,12000-17000,3-5年,大专
Python,python,广州,14000-15000,3-5年,大专
web后端开发工程师,python,黄埔区,15000-30000,3-5年,本科
python高级开发工程师,python,天河区,18000-27000,3-5年,本科
后端开发工程师,python,番禺区,16000-25000,3-5年,本科
自动化脚本开发,python,白云区,8000-10000,3-5年,大专
Python工程师,python,天河区,8000-13000,3-5年,本科
爬虫工程师（python方向）,python,番禺区,10000-15000,3-5年,本科
python全栈工程师,python,越秀区,8000-13000,3-5年,大专
大模型研发工程师,python,黄埔区,16000-22000,3-5年,本科
中级RPA开发工程师,python,海珠区,7000-10000,3-5年,大专
业务策略开发工程师（后端向） (MJ000434),python,天河区,25000-40000,3-5年,本科
python兼职,python,天河区,8000-13000,3-5年,大专
高级python开发工程师（RPA及AI方向）,python,天河区,15000-20000,3-5年,本科
python工程师,python,天河区,13000-17000,3-5年,本科
python工程师,python,海珠区,8000-13000,3-5年,本科
Prompt Engineering工程师,python,天河区,10000-15000,3-5年,本科
量化开发工程师,python,天河区,15000-25000,3-5年,本科
python程序员,python,越秀区,45-60,3-5年,本科
python后端开发,python,番禺区,12000-20000,3-5年,本科
python开发,python,白云区,11000-22000,3-5年,本科
python高级工程师,python,白云区,9000-14000,3-5年,本科
【央企急招！】客户端全栈工程师（AI工程师,python,广州,20000-35000,3-5年,本科
Java中高级开发工程师,python,白云区,10000-15000,3-5年,本科
AI平台开发,python,海珠区,15000-30000,3-5年,本科
QT软件开发工程师,python,海珠区,12000-20000,3-5年,本科
后端研发,python,广州,20000-30000,3-5年,本科
后端开发（AIGC方向）,python,广州,30000-45000,3-5年,本科
高级-Python后端开发工程师,python,海珠区,15000-25000,3-5年,本科
python工程师,python,天河区,12000-20000,3-5年,本科
python服务端工程师,python,天河区,15000-18000,3-5年,本科
手游脚本开发攻城狮,python,黄埔区,8000-13000,3-5年,大专
Python工程师,python,海珠区,11000-16000,3-5年,本科
高级python开发工程师,python,白云区,15000-20000,3-5年,大专
中级后端开发工程师,python,海珠区,15000-20000,3-5年,本科
中级python开发工程师,python,天河区,8000-13000,3-5年,本科
后端开发（C++/python/golang）-北广深,python,海珠区,30000-60000,3-5年,本科
开发工程师（Telegram Bot）,python,天河区,15000-25000,3-5年,本科
python爬虫开发工程师,python,番禺区,12000-24000,3-5年,大专
Python后端开发工程师（五险一金）,python,番禺区,8000-13000,3-5年,本科
Python开发工程师（小说短剧）,python,番禺区,14000-19000,3-5年,大专
python后端开发工程师,python,海珠区,12000-20000,1-3年,大专
Python开发（中高级）,python,海珠区,10000-15000,3-5年,大专
Python工程师,python,天河区,6000-8000,1-3年,本科
爬虫工程师,python,白云区,10000-15000,1-3年,本科
Python高级开发工程师,python,黄埔区,12000-20000,3-5年,本科
脚本开发,python,天河区,10000-15000,5-10年,大专
python后端,python,天河区,8000-9000,3-5年,本科
后台开发工程师,python,番禺区,13000-16000,3-5年,大专
兼职人工智能--课程视频兼职讲师,python,海珠区,15000-16000,3-5年,本科
中级python开发工程师,python,海珠区,15000-16000,3-5年,本科
视频AI工程师,python,天河区,11000-20000,3-5年,本科
少儿编程老师(Python/java)/五险一金,python,黄埔区,10000-15000,1-3年,本科
高级python工程师,python,天河区,20000-30000,5-10年,本科
python高级工程师,python,番禺区,15000-20000,3-5年,本科
量化指标程序员,python,天河区,6000-8000,5-10年,本科
大数据算法工程师,python,番禺区,10000-15000,经验不限,本科
后端工程师,python,南沙区,15000-25000,1-3年,本科
RPA开发工程师(英文),python,越秀区,8000-13000,经验不限,本科
开发(试用期不打折+包餐+年终奖+双休+线上,python,天河区,13000-20000,1-3年,大专
高级python开发工程师,python,番禺区,3000-6000,1年以内,大专
python开发工程师,python,越秀区,7000-10000,3-5年,本科
后端开发工程师,python,番禺区,10000-15000,5-10年,本科
Python工程师,python,天河区,6000-9000,1-3年,本科
python大数据开发工程师,python,越秀区,15000-30000,3-5年,本科
python高级开发工程师#兼职,python,海珠区,9000-13000,5-10年,本科
python开发工程师,python,广州,20000-23000,3-5年,本科
WEB全栈工程师,python,番禺区,8000-10000,3-5年,本科
软件二次开发工程师,python,黄埔区,12000-18000,3-5年,本科
python开发工程师，接受应届,python,天河区,15000-30000,经验不限,本科
rpa实施开发工程师,python,黄埔区,6000-11000,1-3年,大专
openstack云开发工程师,python,天河区,15000-30000,3-5年,本科
Python,python,天河区,8000-15000,3-5年,大专
"软件工程师 （全栈: Python, React）",python,越秀区,12000-14000,3-5年,本科
虚拟网络研发工程师python,python,越秀区,12000-24000,1-3年,本科
研发效能工程师-天翼视联,python,广州,20000-30000,5-10年,本科
ai人工智能开发工程师,python,海珠区,18000-30000,3-5年,本科
初级 Python 后端开发工程师,python,天河区,10000-13000,1-3年,本科
移动app开发工程师,python,天河区,8000-13000,1-3年,大专
高级数据工程师,python,天河区,12000-20000,3-5年,本科
python工程师,python,增城区,10000-12000,1-3年,本科
Python技术/编程开发工程师,python,白云区,10000-15000,1-3年,大专
Python高级开发工程师,python,黄埔区,12000-20000,3-5年,本科
python,python,黄埔区,10000-15000,1年以内,大专
python服务器开发工程师,python,广州,25000-50000,3-5年,大专
Odoo开发工程师,python,番禺区,9000-13000,1-3年,大专
python高级开发工程师,python,番禺区,15000-30000,1-3年,本科
RPA开发（管培生）（双休）,python,天河区,7000-9000,1年以内,本科
python编程讲师,python,广州,6000-8000,1-3年,大专
爬虫工程师,python,天河区,18000-25000,1-3年,大专
Python/大数据分析师,python,天河区,3000-6000,1-3年,大专
python后端工程师,python,黄埔区,12000-18000,3-5年,本科
后端研发工程师,python,天河区,25000-50000,3-5年,本科
后端开发工程师,python,天河区,12000-18000,3-5年,本科
python开发工程师,python,南沙区,14000-18000,3-5年,本科
Odoo开发工程师,python,番禺区,15000-18000,3-5年,本科
中级Python开发工程师,python,天河区,10000-12000,1-3年,大专
python开发工程师,python,广州,20000-30000,经验不限,大专
后端开发工程师,python,越秀区,20000-30000,3-5年,本科
python高级开发工程师,python,天河区,6000-9000,3-5年,大专
高级python开发工程师,python,番禺区,11000-19000,1-3年,本科
python高级开发工程师,python,越秀区,11000-22000,5-10年,本科
Python开发工程师,python,番禺区,15000-20000,3-5年,本科
pyqt开发工程师,python,黄埔区,7000-10000,1-3年,本科
高级Python后端开发,python,天河区,15000-22000,3-5年,本科
VBA开发工程师（线上兼职）-广州,python,番禺区,50-100,经验不限,本科
AI游戏研发(服务端),python,天河区,13000-26000,3-5年,本科
后端开发工程师（python方向-服装行业）,python,广州,15000-25000,1-3年,本科
Python 全栈开发,python,海珠区,10000-15000,3-5年,本科
后端研发,python,天河区,20000-30000,3-5年,本科
python软件工程师,python,黄埔区,6000-11000,经验不限,大专
Technology Lead,python,广州,30000-50000,5-10年,本科
python全栈开发工程师,python,天河区,1000-1500,经验不限,本科
后端开发,python,海珠区,8000-12000,3-5年,本科
python高级开发工程师,python,天河区,15000-20000,5-10年,本科
PYTHON工程师,python,番禺区,15000-16000,3-5年,本科
RPA开发工程师,python,越秀区,8000-13000,3-5年,大专
RPA开发工程师,python,越秀区,7000-12000,经验不限,本科
python后端开发工程师,python,番禺区,8000-10000,3-5年,大专
AI工程研发工程师,python,越秀区,22000-40000,3-5年,本科
高级python开发工程师,python,天河区,15000-18000,3-5年,本科
Python高级开发工程师,python,番禺区,12000-24000,5-10年,本科
软件开发,python,广州,20000-40000,5-10年,本科
AI开发者工具（远程，python）,python,天河区,3000-4000,1-3年,本科
python高级开发工程师,python,越秀区,85-150,3-5年,本科
python开发工程师,python,天河区,10000-15000,3-5年,大专
软件开发,python,天河区,9000-10000,3-5年,本科
python开发工程师,python,荔湾区,11000-22000,1-3年,本科
游戏后端开发工程师,python,海珠区,25000-30000,3-5年,本科
Python量化开发,python,黄埔区,13000-25000,3-5年,大专
Python开发工程师,python,番禺区,8000-12000,1-3年,本科
Python开发工程师,python,黄埔区,10000-15000,3-5年,大专
互联网-无人车后端研发工程师,python,黄埔区,15000-25000,1-3年,本科
资深后端开发工程师-飞书人事,python,海珠区,30000-60000,3-5年,本科
高级软件工程师,python,海珠区,15000-30000,3-5年,本科
python开发工程师,python,白云区,10000-15000,1-3年,本科
Python游戏大厅开发工程师,python,天河区,11000-22000,3-5年,大专
python开发工程师,python,番禺区,12000-24000,1-3年,本科
前后端开发,python,南沙区,4000-9000,经验不限,大专
Python开发！一线城市！一本！,python,广州,15000-30000,经验不限,本科
Odoo开发工程师,python,白云区,5000-10000,1-3年,本科
java/python/前端/c++（远程线上面试）,python,天河区,15000-30000,经验不限,本科
高级python开发工程师,python,海珠区,14000-24000,3-5年,大专
游戏服务端开发工程师,python,广州,20000-40000,1-3年,本科
oa开发工程师（钉钉宜搭）,python,白云区,5000-6000,1-3年,大专
Python  开发工程师,python,越秀区,10000-15000,3-5年,本科
python工程师/实习生,python,天河区,4000-9000,经验不限,本科
